Название,Цена
Диван Льери Мини Velvet Light,62690
Диван Нумо Velvet Yellow,39590
Диван угловой Ройн Мини Velvet Olive,43990
Диван угловой Эби-1 Velvet Coral,76990
Диван Бруквиль Velvet Blue,51690
Диван Линс Velvet Navy Blue,29690
Диван Нумо Мини Textile Yellow,25290
Диван Байма Velvet Grey,73690
Диван угловой Беллер Textile Yellow,40690
Кресло Бенел Cozy Ivory,34090
Диван Нумо Velvet Grafit,39590
Диван Роттердам Velvet Yellow,26390
Диван Сваут Velvet Grey,69290
Пуф Дадли Velvet Ocean,3620
Диван Линс Velvet Grafit,29690
Диван Рейли Velvet Coral,32990
Диван угловой Дарол Happy Grey,65990
Диван Коренс Happy Grey,31890
Диван угловой Шера Velvet Light,109990
Кресло Дженкс Happy Emerald,23090
Диван Види Textile Ocean,25290
Кресло Гета Soft Silver,32990
Диван угловой Нумо Velvet Yellow,49490
Диван Сваут Velvet Mustard,69290
Кресло Элвит Cozy Ivory,28590
Модульный диван Сэндж 2 Textile Yellow,61570
Пуф Лонди Cozy Beige,14290
Диван Нумо Мини Textile Light,25290
Диван Рейли Velvet Mint,32990
Диван Бонс-Т Happy Yellow,43990
Диван Риббл-2 Bucle Lilac,69290
Диван угловой Маркфул Velvet Ocean,84690
Кушетка Роби Textile Coral,18690
Диван угловой Нумо Velvet Grey,49490
Пуф Бане Cozy Ginger,8790
Банкетка Аймо Textile Light,8790
Диван Лонди Mima Pink,91290
Кушетка Оренте Cozy White,58290
Кресло Элвит Cozy Emerald,28590
Пуф Динс Velvet Yellow,7690
Пуф Динс Velvet Milk,7690
Диван угловой Аронт Мини Velvet Light,54990
Кресло Лонди Mima Pink,73690
Диван угловой Шера Velvet Olive,109990
Пуф Поул Bucle Pink,13190
Кресло Гета Soft Light,32990
Пуф Кофи-2 Galaxy Birds,6590
Пуф Лонди Mima Pink,19790
